<?xml version="1.0" encoding="UTF-8"?>
<beans xmlns="http://www.springframework.org/schema/beans"
    xmlns:xsi="http://www.w3.org/2001/XMLSchema-instance"
    xmlns:context="http://www.springframework.org/schema/context"  
    xsi:schemaLocation="
        http://www.springframework.org/schema/beans http://www.springframework.org/schema/beans/spring-beans.xsd
        http://www.springframework.org/schema/context    
        http://www.springframework.org/schema/context/spring-context-3.1.xsd ">

    <!-- 定义数据源Bean -->
    <!-- 自动扫描 -->  
    <context:component-scan base-package="com.forest" />  
    
    <!-- Druid -->
    <bean id="dataSource" class="com.alibaba.druid.pool.DruidDataSource">
        <property name="url" value="jdbc:mysql://localhost:3306/forestry_db" />
        <property name="username" value="root" />
        <property name="password" value="123456" />
    </bean>

    <!-- 注册SqlSessionFactoryBean -->
    <bean id="sqlSessionFactory" class="org.mybatis.spring.SqlSessionFactoryBean">
        <property name="dataSource" ref="dataSource" />
        <!-- 自动扫描mappers.xml文件 -->
        <property name="mapperLocations" value="classpath:/mybatis/*/*.xml" />
        <property name="configLocation" value="classpath:mybatis-config.xml"></property>
    </bean>
    
    <!-- DAO接口所在包名，Spring会自动查找其下的类 -->
    <bean class="org.mybatis.spring.mapper.MapperScannerConfigurer">
        <property name="basePackage" value="com.forest.dao" />
        <property name="sqlSessionFactoryBeanName" value="sqlSessionFactory" />
    </bean>
    
    <!-- (事务管理)transaction manager, use JtaTransactionManager for global tx -->  
    <bean id="transactionManager"  
        class="org.springframework.jdbc.datasource.DataSourceTransactionManager">  
        <property name="dataSource" ref="dataSource" />  
    </bean> 
</beans>