<?xml version="1.0" encoding="UTF-8"?>
<beans xmlns="http://www.springframework.org/schema/beans"
    xmlns:xsi="http://www.w3.org/2001/XMLSchema-instance" xmlns:context="http://www.springframework.org/schema/context"
    xmlns:mvc="http://www.springframework.org/schema/mvc"
    xsi:schemaLocation="
        http://www.springframework.org/schema/beans http://www.springframework.org/schema/beans/spring-beans.xsd
        http://www.springframework.org/schema/context http://www.springframework.org/schema/context/spring-context.xsd
        http://www.springframework.org/schema/mvc http://www.springframework.org/schema/mvc/spring-mvc.xsd">

    <!-- 启动自动扫描 -->
    <context:component-scan base-package="com.forest.controller" />
    
    <!-- 静态资源处理  css js imgs -->
    <mvc:annotation-driven />
	<mvc:resources location="/img/" mapping="/img/**"/>   
	<mvc:resources location="/js/" mapping="/js/**"/>    
	<mvc:resources location="/css/" mapping="/css/**"/> 

    <!-- 注册MVC注解驱动 -->
    <mvc:annotation-driven />

    <!-- 静态资源可访问的设置方式 -->
    <mvc:default-servlet-handler />

    <!-- 配置视图解析器，可以显式设置，也可以不设置，不设置会依据SpringMVC的默认设置 -->
    <bean id="viewResolver"
        class="org.springframework.web.servlet.view.InternalResourceViewResolver">
        <property name="prefix" value="/WEB-INF/pages/" />
        <property name="suffix" value=".jsp" />
    </bean>
</beans>