<?xml version="1.0" encoding="UTF-8"?>
<!DOCTYPE mapper PUBLIC "-//mybatis.org//DTD Mapper 3.0//EN" "http://mybatis.org/dtd/mybatis-3-mapper.dtd">
<mapper namespace="com.forest.dao.product.ForestryProductInfoMapper">
  <resultMap id="productMap" type="com.forest.entity.product.ForestryProductInfo">
    <id column="id" jdbcType="INTEGER" property="id" />
    <result column="created_at" jdbcType="TIMESTAMP" property="createdAt" />
    <result column="created_by" jdbcType="VARCHAR" property="createdBy" />
    <result column="updated_at" jdbcType="TIMESTAMP" property="updatedAt" />
    <result column="updated_by" jdbcType="VARCHAR" property="updatedBy" />
    <result column="version" jdbcType="INTEGER" property="version" />
    <result column="is_valid" jdbcType="VARCHAR" property="isValid" />
    <result column="product_name" jdbcType="VARCHAR" property="productName" />
    <result column="amount" jdbcType="BIGINT" property="amount" />
    <result column="unit" jdbcType="VARCHAR" property="unit" />
    <result column="type" jdbcType="VARCHAR" property="type" />
  </resultMap>
  <sql id="Base_Column_List">
    id, created_at, created_by, updated_at, updated_by, version, is_valid, product_name, 
    amount, unit, type
  </sql>
  <select id="selectByPrimaryKey" parameterType="java.lang.Integer" resultMap="productMap">
    select 
    <include refid="Base_Column_List" />
    from forestry_product_info
    where id = #{id,jdbcType=INTEGER}
  </select>
   <select id="queryListPage" parameterType="java.util.Map" resultMap="productMap">
    select 
    <include refid="Base_Column_List" />
    from forestry_product_info
    where 1=1
     <if test="isValid != null">
     and   is_valid = #{isValid,jdbcType=VARCHAR}
      </if>
      <if test="productName != null">
      and  product_name = #{productName,jdbcType=VARCHAR}
      </if>
      <if test="type != null">
      and  type = #{type,jdbcType=VARCHAR}
      </if>
      limit #{pageIndex,jdbcType=INTEGER} ,#{pageSize,jdbcType=INTEGER}
  </select>
  <select id="getProductCount" parameterType="java.util.Map" resultType="int">
    select 
    count(*)
    from forestry_product_info
    where 1=1
     <if test="isValid != null">
     and   is_valid = #{isValid,jdbcType=VARCHAR}
      </if>
      <if test="productName != null">
      and  product_name = #{productName,jdbcType=VARCHAR}
      </if>
       <if test="type != null">
      and  type = #{type,jdbcType=VARCHAR}
      </if>
  </select>
  <delete id="deleteByPrimaryKey" parameterType="java.lang.Integer">
    delete from forestry_product_info
    where id = #{id,jdbcType=INTEGER}
  </delete>
  <insert id="insert" parameterType="com.forest.entity.product.ForestryProductInfo">
  <selectKey resultType="java.lang.Integer" order="AFTER" keyProperty="id">
    	SELECT LAST_INSERT_ID() AS id
    </selectKey>
    insert into forestry_product_info (id, created_at, created_by, 
      updated_at, updated_by, version, 
      is_valid, product_name, amount, 
      unit, type)
    values (#{id,jdbcType=INTEGER}, #{createdAt,jdbcType=TIMESTAMP}, #{createdBy,jdbcType=VARCHAR}, 
      #{updatedAt,jdbcType=TIMESTAMP}, #{updatedBy,jdbcType=VARCHAR}, #{version,jdbcType=INTEGER}, 
      #{isValid,jdbcType=VARCHAR}, #{productName,jdbcType=VARCHAR}, #{amount,jdbcType=BIGINT}, 
      #{unit,jdbcType=VARCHAR}, #{type,jdbcType=VARCHAR})
  </insert>
  <insert id="insertSelective" parameterType="com.forest.entity.product.ForestryProductInfo">
    insert into forestry_product_info
    <trim prefix="(" suffix=")" suffixOverrides=",">
      <if test="id != null">
        id,
      </if>
      <if test="createdAt != null">
        created_at,
      </if>
      <if test="createdBy != null">
        created_by,
      </if>
      <if test="updatedAt != null">
        updated_at,
      </if>
      <if test="updatedBy != null">
        updated_by,
      </if>
      <if test="version != null">
        version,
      </if>
      <if test="isValid != null">
        is_valid,
      </if>
      <if test="productName != null">
        product_name,
      </if>
      <if test="amount != null">
        amount,
      </if>
      <if test="unit != null">
        unit,
      </if>
      <if test="type != null">
        type,
      </if>
    </trim>
    <trim prefix="values (" suffix=")" suffixOverrides=",">
      <if test="id != null">
        #{id,jdbcType=INTEGER},
      </if>
      <if test="createdAt != null">
        #{createdAt,jdbcType=TIMESTAMP},
      </if>
      <if test="createdBy != null">
        #{createdBy,jdbcType=VARCHAR},
      </if>
      <if test="updatedAt != null">
        #{updatedAt,jdbcType=TIMESTAMP},
      </if>
      <if test="updatedBy != null">
        #{updatedBy,jdbcType=VARCHAR},
      </if>
      <if test="version != null">
        #{version,jdbcType=INTEGER},
      </if>
      <if test="isValid != null">
        #{isValid,jdbcType=VARCHAR},
      </if>
      <if test="productName != null">
        #{productName,jdbcType=VARCHAR},
      </if>
      <if test="amount != null">
        #{amount,jdbcType=BIGINT},
      </if>
      <if test="unit != null">
        #{unit,jdbcType=VARCHAR},
      </if>
      <if test="type != null">
        #{type,jdbcType=VARCHAR},
      </if>
    </trim>
  </insert>
  <update id="updateByPrimaryKeySelective" parameterType="com.forest.entity.product.ForestryProductInfo">
    update forestry_product_info
    <set>
      <if test="createdAt != null">
        created_at = #{createdAt,jdbcType=TIMESTAMP},
      </if>
      <if test="createdBy != null">
        created_by = #{createdBy,jdbcType=VARCHAR},
      </if>
      <if test="updatedAt != null">
        updated_at = #{updatedAt,jdbcType=TIMESTAMP},
      </if>
      <if test="updatedBy != null">
        updated_by = #{updatedBy,jdbcType=VARCHAR},
      </if>
      <if test="version != null">
        version = #{version,jdbcType=INTEGER},
      </if>
      <if test="isValid != null">
        is_valid = #{isValid,jdbcType=VARCHAR},
      </if>
      <if test="productName != null">
        product_name = #{productName,jdbcType=VARCHAR},
      </if>
      <if test="amount != null">
        amount = #{amount,jdbcType=BIGINT},
      </if>
      <if test="unit != null">
        unit = #{unit,jdbcType=VARCHAR},
      </if>
      <if test="type != null">
        type = #{type,jdbcType=VARCHAR},
      </if>
    </set>
    where id = #{id,jdbcType=INTEGER}
  </update>
  <update id="updateByPrimaryKey" parameterType="com.forest.entity.product.ForestryProductInfo">
    update forestry_product_info
    set created_at = #{createdAt,jdbcType=TIMESTAMP},
      created_by = #{createdBy,jdbcType=VARCHAR},
      updated_at = #{updatedAt,jdbcType=TIMESTAMP},
      updated_by = #{updatedBy,jdbcType=VARCHAR},
      version = #{version,jdbcType=INTEGER},
      is_valid = #{isValid,jdbcType=VARCHAR},
      product_name = #{productName,jdbcType=VARCHAR},
      amount = #{amount,jdbcType=BIGINT},
      unit = #{unit,jdbcType=VARCHAR},
      type = #{type,jdbcType=VARCHAR}
    where id = #{id,jdbcType=INTEGER}
  </update>
</mapper>